slug,name,developer,projectType,status,reraNumber,launchDate,possessionDate,sector,microMarket,city,address,latitude,longitude,startingPriceRaw,startingPriceInr,priceMaxInr,pricePerSqftMinInr,pricePerSqftMaxInr,entryPricePerSqftInr_derived,unitSizeMinSqft,unitSizeMaxSqft,configurations,paymentPlan,landAreaAcres,towers,floors,units,amenityCount,faqCount,floorPlanCount,galleryCount,videoCount,sourceUrl,scrapedAt
4s-the-aurrum-sector-59-gurgaon,4S The Aurrum,4S Developers,residential,under-construction,RC/REP/HARERA/GGM/849/581/2024/76,,,59,golf-course-extension-road,Gurugram,"Sector 59, Golf Course Extension Road",,,₹5 Crores Onwards,50000000,,,,20773,2407,3562,3 BHK Small; 3 BHK Large; 4 BHK Small; 4 BHK Large,,5.43,6,,243,8,9,4,5,1,https://www.realtycanvas.in/projects/4s-the-aurrum-sector-59-gurgaon,2026-10-02T06:41:48.417Z
adani-lushlands-gurgaon,Adani Lushlands,Adani Realty,residential,under-construction,RC/REP/HARERA/GGM/837/569/2024/64,,2029-03,2,golf-course-road,Gurugram,"Sector 2, Gwal Pahari, Gurgaon Faridabad Road",,,₹ 14.04 Cr. Onwards,140400000,,,,52782,2660,6485,4 BHK + Lounge + Powder + Utility (Tower A & C); 4 BHK + Utility + Powder (Tower B & D); 6 BHK Duplex Penthouse (Tower B & D),,12.36,4,,208,4,10,5,4,0,https://www.realtycanvas.in/projects/adani-lushlands-gurgaon,2026-10-02T06:41:49.341Z
adani-samsara-ivana-sector-63-gurgaon,Adani Samsara Ivana,Adani Realty,residential,under-construction,RC/REP/HARERA/GGM/896/628/2024/123,,2029-06,63,golf-course-extension-road,Gurugram,Golf Course Extension Road,,,₹ 6.09 Cr. Onwards,60900000,,,,35781,1702,1702,4 BHK + Private Terrace/Basement + Utility,,3.44,65,,260,8,11,4,3,2,https://www.realtycanvas.in/projects/adani-samsara-ivana-sector-63-gurgaon,2026-10-02T06:41:50.339Z
adani-the-marq-sector-102-gurgaon,Adani The Marq,Adani Realty,residential,under-construction,RC/REP/HARERA/GGM/1042/774/2026/14,,2031-12,102A,dwarka-expressway,Gurugram,Dwarka Expressway,,,Price starting @ 4.25 Cr.,42500000,56000000,,,,,,3 BHK; 4 BHK,,5.16,2,46,368,32,14,7,5,0,https://www.realtycanvas.in/projects/adani-the-marq-sector-102-gurgaon,2026-10-02T06:42:43.291Z
aditya-birla-pravaah-sector-71-gurgaon,Aditya Birla Pravaah,Birla Estates,residential,under-construction,RC/REP/HARERA/GGM/1006/738/2025/109,,2028,71,southern-peripheral-road,,"Sector 71, Gurgaon",,,₹3.26 Crores Onwards,32600000,,,,24024,1357,1437,3 BHK; 3 BHK+utility,,5.08,5,35,492,6,11,2,2,1,https://www.realtycanvas.in/projects/aditya-birla-pravaah-sector-71-gurgaon,2026-10-02T06:42:44.245Z
aipl-autograph-sector-66-gurgaon,AIPL Autograph,AIPL,commercial,under-construction,GGM/481/213/2021/49,,2029-09,66,golf-course-extension-road,Gurugram,"Sector 66, Golf Course Extension Road",,,₹71 Lakhs Onwards,7100000,,,,,,,,,6.14,,12,,3,9,2,2,1,https://www.realtycanvas.in/projects/aipl-autograph-sector-66-gurgaon,2026-10-02T06:42:45.251Z
aipl-joy-district-sector-88-gurgaon,AIPL Joy District,AIPL,commercial,under-construction,RC/REP/HARERA/GGM/780/512/2024/07,,2028-06,88,new-gurgaon,Gurugram,"Sector 88, Northern Peripheral Road",,,₹83 lakhs Onwards,8300000,,,,,,,,A 50:25:25 payment plan is available for buyers.,10.42,1,4,,2,12,6,3,1,https://www.realtycanvas.in/projects/aipl-joy-district-sector-88-gurgaon,2026-10-02T06:42:46.607Z
aipl-lake-city-sector-103-gurgaon,AIPL Lake City,AIPL,residential,under-construction,RC/REP/HARERA/GGM/1019/751/2025/122,,2030-12,103,dwarka-expressway,,"Sector 103, Dwarka Expressway, Gurugram",,,₹3.6 Crore Onwards,36000000,,,,16364,2200,2800,3 BHK; 4 BHK,,5.14,2,43,344,3,9,0,4,0,https://www.realtycanvas.in/projects/aipl-lake-city-sector-103-gurgaon,2026-10-02T06:42:47.221Z
anant-raj-estate-residences-sector-63a-gurgaon,Anant Raj Estate Residences,Anant Raj,residential,under-construction,RC/REP/HARERA/GGM/785/517/2024/12,,2030-03,63A,golf-course-extension-road,Gurugram,Golf Course Extension Road,,,₹6.68 Crore Onwards,66800000,,,,18005,3710,4781,4 BHK + Servant Room; 4 BHK + Lounge + Servant Room,,5.43,4,30,248,4,11,5,3,0,https://www.realtycanvas.in/projects/anant-raj-estate-residences-sector-63a-gurgaon,2026-10-02T06:42:48.262Z
birla-arika-sector-31-nh8-gurgaon,Birla Arika,Birla Estates,residential,under-construction,RC/REP/HARERA/GGM/914/646/2025/17,,2031-12,31,central-gurgaon,Gurugram,Off NH – 48 (NH – 8),28.472,77.042,Price From ₹10.42 Cr*,104200000,127300000,,,44933,2319,2814,"Towers T-1, T-2, T-3; Tower T-7",,13.28,7,,556,14,14,2,4,1,https://www.realtycanvas.in/projects/birla-arika-sector-31-nh8-gurgaon,2026-10-02T06:42:49.281Z
bptp-downtown-66-sector-66-gurgaon,BPTP Downtown 66,BPTP,residential,under-construction,RC/REP/HARERA/GGM/981/713/2025/84,,2032-10,66,golf-course-extension-road,Gurugram,"Sector 66, Golf Course Extn Rd",,,₹5.45 Cr Onwards,54500000,,,,,,,3 BHK; 3.5 BHK,,4.24,3,46,504,41,14,2,9,0,https://www.realtycanvas.in/projects/bptp-downtown-66-sector-66-gurgaon,2026-10-02T06:42:50.375Z
bptp-gaia-residences-sector-102-gurgaon,BPTP Gaia Residences,BPTP,residential,under-construction,RC/REP/HARERA/GGM/963/695/2025/66,,2032-12,102,dwarka-expressway,Gurugram,Dwarka Expressway,,,"₹4.08 Cr (GAIA 3 BHK, BPTP blog). The combined GAIA + Amstoria Verti-Greens project page shows ₹3.38 Cr. onwards for both phases together.",40800000,,,,19429,2100,2100,3 BHK,,1.68,3,,531,13,10,5,3,1,https://www.realtycanvas.in/projects/bptp-gaia-residences-sector-102-gurgaon,2026-10-02T06:42:51.406Z
bptp-verti-greens-sector-102-gurgaon,BPTP Verti Greens,BPTP,residential,under-construction,HARERA/GGM/ 910/642/2025/13,,2032-06,102,dwarka-expressway,Gurugram,"Sector 102, Dwarka Expressway",,,₹2.97 Cr* Onwards,29700000,,,,32709,908,1272,2 BHK; 3 BHK,,9.43,5,,885,5,11,5,3,1,https://www.realtycanvas.in/projects/bptp-verti-greens-sector-102-gurgaon,2026-10-02T06:42:52.322Z
conscient-elevate-reserve-sector-62-gurgaon,Elevate Reserve,Conscient & Hines,residential,under-construction,GGM/757/489/2023/101,,2030-10,62,golf-course-extension-road,Gurugram,Golf Course Extension Road,,,₹5.63 Crores Onwards,56300000,,,,37634,1496,1840,3 BHK; 4 BHK,,4.84,2,,240,1,11,2,1,0,https://www.realtycanvas.in/projects/conscient-elevate-reserve-sector-62-gurgaon,2026-10-02T06:42:53.375Z
dlf-central-67-sector-67-gurgaon,DLF Central 67,DLF,commercial,under-construction,RC/REP/HARERA/GGM/768/500/2023/112,,2027-12,67,southern-peripheral-road,,"Sector 67, Sohna Road, Gurgaon",,,₹8 Crores Onwards,80000000,,,,62992,1270,1270,SCO plot (from),,8.7,,5,75,3,10,1,3,0,https://www.realtycanvas.in/projects/dlf-central-67-sector-67-gurgaon,2026-10-02T06:42:54.318Z
dlf-club-arcade-sector-91-gurgaon,Club Arcade DLF,DLF,commercial,under-construction,RC/REP/HARERA/GGM/806/538/2024/33,,2028-03,91,new-gurgaon,Gurugram,"Sector 91, DLF Gardencity",,,₹1.50 Crores Onwards,15000000,,,,192308,78,2532,Retail shop (smallest); Retail shop (largest),,0.89,1,3,72,3,10,3,3,0,https://www.realtycanvas.in/projects/dlf-club-arcade-sector-91-gurgaon,2026-10-02T06:42:55.320Z
dlf-privana-north-sector-76-77-gurgaon,DLF Privana North,DLF,residential,under-construction,RC/REP/HARERA/GGM/954/686/2025/57,,2034-03,76,southern-peripheral-road,Gurugram,Sector 76 & 77,,,₹9.35 Crore Onwards,93500000,,,,23510,3977,7714,4 BHK; 5 BHK Penthouse,,17.7,6,,1164,9,10,3,3,1,https://www.realtycanvas.in/projects/dlf-privana-north-sector-76-77-gurgaon,2026-10-02T06:42:56.355Z
dlf-privana-south-sector-77-gurgaon,DLF Privana South,DLF,residential,under-construction,RC/REP/HARERA/GGM/772/504/2023/116,,2031-06,77,new-gurgaon,Gurugram,Central Peripheral Road,,,₹6.30 Crore Onwards,63000000,,,,17613,3577,5472,4 BHK + Servant + Study (Typical Unit); 14 Penthouses across the 7 towers,"Yes, buyers can avail flexible payment plans. Leading banks and financial institutions also offer home loan assistance for eligible buyers.",25,7,,1113,10,14,2,3,1,https://www.realtycanvas.in/projects/dlf-privana-south-sector-77-gurgaon,2026-10-02T06:42:57.410Z
dlf-privana-west-sector-76-gurgaon,DLF Privana West,DLF,residential,under-construction,RC/REP/HARERA/GGM/819/551/2024/46,,2028-12,76,southern-peripheral-road,Gurugram,"Sector 76, Southern Peripheral Road",,,₹7.51 Crore Onwards,75100000,,,,35159,2136,3562,"4 BHK; Larger unit type (10 units, 2 per tower)",,12.6,5,38,795,4,10,2,2,1,https://www.realtycanvas.in/projects/dlf-privana-west-sector-76-gurgaon,2026-10-02T06:42:58.360Z
dlf-the-arbour-sector-63-gurgaon,DLF The Arbour,DLF,residential,under-construction,RC/REP/HARERA/GGM/671/403/2023/15,,2030-03,63,golf-course-extension-road,Gurugram,"Sector 63, Golf Course Ext. Road",,,₹11 Crores Onwards,110000000,,,,27743,3965,3965,4 BHK,,25,5,,1137,8,10,2,5,0,https://www.realtycanvas.in/projects/dlf-the-arbour-sector-63-gurgaon,2026-10-02T06:42:59.388Z
elan-empire-sector-66-gurgaon,Elan Empire,Elan Group,commercial,under-construction,GGM/736/468/2023/80,,2026-06,66,golf-course-extension-road,Gurugram,"Sector 66, Golf Course Extension Road",,,₹1 Crores Onwards,10000000,,,,,,,,,1.46,1,6,351,1,10,7,3,1,https://www.realtycanvas.in/projects/elan-empire-sector-66-gurgaon,2026-10-02T06:43:00.508Z
elan-imperial-sector-82-gurgaon,Elan Imperial,Elan Group,commercial,under-construction,RC/REP/HARERA/GGM/788/520/2024/15,,,82,new-gurgaon,Gurugram,Sector 82,,,₹1.43 Crores Onwards,14300000,45750,,,,,,LGF / GF; 4th Floor (FEC); Premium Retail; Second Floor; 4th Floor (Restaurant); Third Floor (Food Court); First Floor,,7.64,,7,1305,18,10,7,3,4,https://www.realtycanvas.in/projects/elan-imperial-sector-82-gurgaon,2026-10-02T06:43:01.470Z
elan-paradise-sector-50-gurgaon,Elan Paradise,Elan Group,commercial,under-construction,GGM/584/316/2022/59,,2026-09,50,sohna-road,Gurugram,Nirvana Country,,,₹2.5 Crore Onwards,25000000,,,,,,,,,3.35,2,4,457,5,10,6,2,1,https://www.realtycanvas.in/projects/elan-paradise-sector-50-gurgaon,2026-10-02T06:43:02.449Z
elan-the-emperor-sector-106-gurgaon,Elan The Emperor,Elan Group,residential,under-construction,GGM/902/634/2025/05,,2032-09,106,dwarka-expressway,Gurugram,"Sector 106, Dwarka Expressway",,,12.99 Crores Onwards,129900000,,,,30760,4223,10347,4 BHK; 5 BHK,,4.82,5,,580,2,10,14,3,0,https://www.realtycanvas.in/projects/elan-the-emperor-sector-106-gurgaon,2026-10-02T06:43:03.388Z
elan-the-presidential-sector-106-gurgaon,Elan The Presidential,Elan Group,residential,under-construction,RC/REP/HARERA/GGM/626/358/2022/101,,2027-10,106,dwarka-expressway,Gurugram,Dwarka Expressway,,,₹5.58 Crores Onwards,55800000,,,,22776,2450,4495,3 BHK; 4 BHK; 5 BHK,,12.77,8,,728,3,13,15,3,2,https://www.realtycanvas.in/projects/elan-the-presidential-sector-106-gurgaon,2026-10-02T06:43:04.404Z
elan-the-statement-sector-49-sohna-road-gurgaon,Elan The Statement,Elan Group,residential,under-construction,GGM/1022/754/2025/125,,2033-06,49,sohna-road,Gurugram,Sohna Road,28.4177,77.0438,₹11.06 Crores Onwards,110600000,194200000,,,25811,4285,7500,4 BHK Luxury Apartment; 4 BHK + Study; Duplex Penthouse,"Yes, buyer-friendly and construction-linked payment schemes are expected to be available for residents and investors.",5.88,5,,380,26,13,12,4,1,https://www.realtycanvas.in/projects/elan-the-statement-sector-49-sohna-road-gurgaon,2026-10-02T06:43:05.454Z
emaar-amaris-sector-62-gurgaon,Emaar Amaris,Emaar India,residential,under-construction,RC/REP/HARERA/GGM/885/617/2024/112,,2030-08,62,golf-course-extension-road,Gurugram,Golf Course Extension Road,,,₹3.25 Crores Onwards,32500000,,,,26231,1239,1901,2 BHK; 3 BHK; 4 BHK,,6.1,4,,522,4,11,9,2,0,https://www.realtycanvas.in/projects/emaar-amaris-sector-62-gurgaon,2026-10-02T06:43:06.416Z
emaar-serenity-hills-sector-86-gurgaon,Emaar Serenity Hills,Emaar India,residential,under-construction,RC/REP/HARERA/GGM/993/725/2025/96,,2032-09,86,new-gurgaon,Gurugram,"Sector 86, Near Dwarka Expressway",,,"3 BHK (Small) from Rs. 2.98 Cr* (incl. EDC/IDC, IFMS, car park and club membership; GST extra)",29800000,,,,31435,948,1576,3 BHK Small; 3 BHK Large; 4 BHK Small,,15.22,7,,997,6,10,10,5,0,https://www.realtycanvas.in/projects/emaar-serenity-hills-sector-86-gurgaon,2026-10-02T06:43:07.426Z
emaar-urban-oasis-sector-62-gurgaon,Emaar Urban Oasis,Emaar India,residential,under-construction,HARERA/GGM/741/473/2023/85,,2028-09,62,golf-course-extension-road,Gurugram,Golf Course Extension Road,,,Starting at ₹3.6 Cr,36000000,,,,24000,1500,3039,2 BHK; 3 BHK; 4 BHK,,6.64,4,,424,1,11,4,3,0,https://www.realtycanvas.in/projects/emaar-urban-oasis-sector-62-gurgaon,2026-10-02T06:43:08.425Z
experion-the-trillion-sector-48-gurgaon,Experion The Trillion,Experion Developers,residential,under-construction,HARERA/GGM/911/643/2025/14,,2032-12,48,sohna-road,Gurugram,"Sector 48, Sohna Road",,,₹5.83 Crore Onwards,58300000,,,,37980,1535,1906,3 BHK; 4 BHK,,5.5,3,,540,9,10,11,4,0,https://www.realtycanvas.in/projects/experion-the-trillion-sector-48-gurgaon,2026-10-02T06:43:09.442Z
hero-homes-the-palatial-sector-104-gurgaon,Hero Homes The Palatial,Hero Realty,residential,under-construction,RC/REP/HARERA/GGM/908/640/2025/11,,,104,dwarka-expressway,Gurugram,"Sector 104, Dwarka Expressway",,,₹4.89 Crores Onwards,48900000,,,,17261,2833,3457,3 BHK; 4 BHK,,11.25,5,,750,6,10,2,4,1,https://www.realtycanvas.in/projects/hero-homes-the-palatial-sector-104-gurgaon,2026-10-02T06:43:10.454Z
hines-elevate-sector-59-gurgaon,Hines Elevate,Conscient Infrastructure,residential,ready,RC/REP/HARERA/GGM/308/40/2019/02,,2025-12,59,golf-course-extension-road,Gurugram,Golf Course Extension Road,,,₹5 Crore Onwards,50000000,,,,23866,2095,3300,3 BHK + SQ; 4 BHK + SQ,,7.78,5,,556,2,11,3,3,0,https://www.realtycanvas.in/projects/hines-elevate-sector-59-gurgaon,2026-10-02T06:43:11.453Z
m3m-altitude-sector-65-gurgaon,M3M Altitude,M3M India,residential,under-construction,RC/REP/HARERA/GGM/821/553/2024/48,,2031-07,65,golf-course-extension-road,Gurugram,"Sector 65, Golf Course Ext. Road",,,11.46 Crores onwards,114600000,,,,30873,3712,4270,4 BHK + Lounge + Study,,4,3,,342,7,10,3,8,1,https://www.realtycanvas.in/projects/m3m-altitude-sector-65-gurgaon,2026-10-02T06:43:12.470Z
m3m-capital-walk-sector-113-gurgaon,M3M Capital Walk,M3M India,commercial,under-construction,RC/REP/HARERA/GGM/605/337/2022/80,,,113,dwarka-expressway,Gurugram,"Sector 113, Dwarka Expressway",,,₹1 Crore Onwards,10000000,,,,,,,,,18.95,,4,876,5,10,4,4,0,https://www.realtycanvas.in/projects/m3m-capital-walk-sector-113-gurgaon,2026-10-02T06:43:13.471Z
m3m-crown-sector-111-gurgaon,M3M Crown,M3M India,residential,under-construction,GGM/687/419/2023/31,,2028-01,111,dwarka-expressway,Gurugram,"Sector 111, Dwarka Expressway",,,₹3.29 Crore Onwards,32900000,,,,20498,1605,2670,3.5 BHK; 4.5 BHK,,16,11,,1332,2,10,11,4,1,https://www.realtycanvas.in/projects/m3m-crown-sector-111-gurgaon,2026-10-02T06:43:14.484Z
m3m-golf-hills-sector-79-gurgaon,M3M Golf Hills,M3M India,residential,under-construction,GGM/704/436/2023/48,,2028-12,79,new-gurgaon,Gurugram,Golf Course Extension Road,,,₹2 Crore Onwards,20000000,,,,14085,1420,2650,2.5 BHK; 3.5 BHK; 3.5 BHK + Servant Room; 4.5 BHK,,54,16,,1899,1,13,4,4,2,https://www.realtycanvas.in/projects/m3m-golf-hills-sector-79-gurgaon,2026-10-02T06:43:15.490Z
m3m-jewel-sector-25-gurgaon,M3M Jewel,M3M India,commercial,under-construction,RC/REP/HARERA/GGM/635/367/2022/110,,,25,central-gurgaon,Gurugram,Golf Course Extension Road,,,₹4.5 Crores Onwards,45000000,,,,,,,,,1.3,1,6,398,4,11,6,4,1,https://www.realtycanvas.in/projects/m3m-jewel-sector-25-gurgaon,2026-10-02T06:43:16.503Z
m3m-mansion-sector-113-gurgaon,M3M Mansion,M3M India,residential,under-construction,RC/REP/HARERA/GGM/802/534/2024/29,,2032-02,113,dwarka-expressway,Gurugram,"Sector 113, Dwarka Expressway",,,₹3.59 Crore Onwards,35900000,,,,17260,2080,5900,3.5 BHK; 4.5 BHK; 5 BHK,,10,8,,961,2,10,21,4,1,https://www.realtycanvas.in/projects/m3m-mansion-sector-113-gurgaon,2026-10-02T06:43:17.535Z
m3m-paragon-57-sector-57-gurgaon,M3M Paragon57,M3M India,commercial,ready,GGM/651/383/2022/126,2023-01,2026-08,57,golf-course-extension-road,Gurugram,"Sushant Lok III, Sector 57",,,1.4 Crores Onwards,14000000,,,,,,,,,3.16,,6,858,5,11,8,3,2,https://www.realtycanvas.in/projects/m3m-paragon-57-sector-57-gurgaon,2026-10-02T06:43:18.520Z
m3m-route-65-sector-65-gurgaon,M3M Route 65,M3M India,commercial,ready,RC/REP/HARERA/GGM/803/535/2024/30,,,65,golf-course-extension-road,Gurugram,"Sector 65, Golf Course Ext. Road",,,₹1 Crores,10000000,,,,,,,,,4,,4,,6,10,5,4,1,https://www.realtycanvas.in/projects/m3m-route-65-sector-65-gurgaon,2026-10-02T06:43:19.540Z
m3m-trump-towers-sector-65-gurgaon,M3M Trump Towers,M3M India,residential,ready,375 OF 2017,,,65,golf-course-extension-road,Gurugram,"Sector 65, Golf Course Extension Road, Gurgaon",,,₹11 Crores Onwards,110000000,,,,31206,3525,6050,3 BHK; 4 BHK,,2.83,2,,258,1,9,7,3,0,https://www.realtycanvas.in/projects/m3m-trump-towers-sector-65-gurgaon,2026-10-02T06:43:20.537Z
max-estate-360-residences-sector-36a-gurgaon,Max Estate 360 Residences,Max Estates,residential,under-construction,RC/REP/HARERA/GGM/860/592/2024/87,,2030-08,36A,dwarka-expressway,Gurugram,Dwarka Expressway,,,₹5.2 Crores Onwards,52000000,,,,24197,2149,3531,2 BHK; 3 BHK; 4 BHK,,11.8,6,,864,27,11,11,2,0,https://www.realtycanvas.in/projects/max-estate-360-residences-sector-36a-gurgaon,2026-10-02T06:43:21.551Z
paras-manor-sector-2-gurgaon,Paras Manor,Paras Buildtech,residential,under-construction,RC/REP/HARERA/GGM/811/543/2024/38,,,2,golf-course-road,Gurugram,"Sector 2, Gwal Pahari",,,₹9.5 Crore Onwards,95000000,,,,20000,4750,4750,4 BHK,,4.27,2,,120,10,11,1,6,0,https://www.realtycanvas.in/projects/paras-manor-sector-2-gurgaon,2026-10-02T06:43:22.558Z
puri-diplomatic-residency-sector-111-gurgaon,Puri Diplomatic Residency,Puri Constructions,residential,under-construction,RC/REP/HARERA/GGM/787/519/2024/14,,2031-03,111,dwarka-expressway,Gurugram,"Sector 111, Dwarka Expressway",,,₹4 Crores Onwards,40000000,,,,30211,1324,1981,3 BHK + 3T + S (Type 1); 3 BHK + 3T + S (Type 2); 3 BHK + 3T + S (Type 3); 4 BHK + 4T + S,,5.41,6,32,692,8,10,3,3,0,https://www.realtycanvas.in/projects/puri-diplomatic-residency-sector-111-gurgaon,2026-10-02T06:43:23.575Z
puri-the-aravallis-sector-61-gurgaon,Puri The Aravallis,Puri Constructions,residential,under-construction,RC/REP/HARERA/GGM/592/324/2022/67,,2029-07,61,golf-course-extension-road,Gurugram,Golf Course Extension Road,,,₹4.25 Crore Onwards,42500000,,,,34000,1250,1627,3 BHK + S; 4 BHK + S,"Yes, flexible payment plans and home loan assistance from leading banks are available for buyers.",10.39,2,,324,5,12,4,2,0,https://www.realtycanvas.in/projects/puri-the-aravallis-sector-61-gurgaon,2026-10-02T06:43:24.585Z
shapoorji-pallonji-the-dualis-sector-46-gurgaon,Shapoorji Pallonji The Dualis,Shapoorji Pallonji,residential,under-construction,RC/REP/HARERA/GGM/939/671/2025/42,,,46,central-gurgaon,Gurugram,Sector 46,,,Starting at ₹7.27 Cr,72700000,,,,36717,1980,2503,3 BHK; 4 BHK,,2,2,,198,11,8,6,3,1,https://www.realtycanvas.in/projects/shapoorji-pallonji-the-dualis-sector-46-gurgaon,2026-10-02T06:43:25.595Z
signature-global-titanium-spr-sector-71-gurgaon,Signature Global Titanium SPR,Signature Global,residential,under-construction,RC/REP/HARERA/GGM/831/563/2024/58,,2029-02,71,southern-peripheral-road,Gurugram,"Sector 71, Southern Peripheral Road (SPR)",,,₹5.28 Crores Onwards,52800000,,,,18993,2780,3780,3 BHK; 4 BHK,,14.38,8,,608,5,10,4,2,0,https://www.realtycanvas.in/projects/signature-global-titanium-spr-sector-71-gurgaon,2026-10-02T06:43:26.621Z
silverglades-the-legacy-sector-63a-gurgaon,Silverglades The Legacy,Silverglades,residential,under-construction,GGM/861/593/2024/88,,,63A,golf-course-extension-road,Gurugram,"Sector 63A, Golf Course Extension Road",,,₹5.90 Crore Onwards,59000000,,,,21071,2800,4800,3 BHK + Family Room + Powder Room + Utility Room; 4 BHK Penthouse; 4 BHK + Family Room + Powder Room + Utility Room; 4 BHK + Study + Family Room + Powder Room + Utility Room,,10.5,5,,341,9,8,3,4,0,https://www.realtycanvas.in/projects/silverglades-the-legacy-sector-63a-gurgaon,2026-10-02T06:43:27.614Z
smartworld-one-dxp-sector-113-gurgaon,Smartworld One DXP,Smartworld Developers,residential,under-construction,RC/REP/HARERA/GGM/645/377/2022/120,,2028-03,113,dwarka-expressway,Gurugram,Dwarka Expressway,,,₹3.80 Crores Onwards,38000000,,,,15510,2450,3304,3.5 BHK+Utility; 4.5 BHK+Utility,"Flexible payment schedules are offered, including construction-linked plans, subvention plans during offer periods, and down payment discounts. Home loan support is available through major banks.",16,16,,1790,8,12,4,3,1,https://www.realtycanvas.in/projects/smartworld-one-dxp-sector-113-gurgaon,2026-10-02T06:43:28.636Z
smartworld-skyarc-sector-gurgaon-sector-69,Smartworld SkyArc,Smartworld Developers,residential,under-construction,RC/REP/HARERA/GGM/878/610/2024/105,,2032-05,69,southern-peripheral-road,Gurugram,"Sector 69, Golf Course Extension Road",,,₹4.95 Crores Onwards,49500000,,,,21019,2355,3279,3 BHK; 3.5 BHK; 4.5 BHK,,6.98,6,41,952,2,11,4,4,0,https://www.realtycanvas.in/projects/smartworld-skyarc-sector-gurgaon-sector-69,2026-10-02T06:43:29.645Z
smartworld-the-edition-sector-68-gurgaon,Smartworld The Edition,Smartworld Developers,residential,under-construction,GGM/756/488/2023/100,,,66,golf-course-extension-road,Gurugram,"Sector 68, Golf Course Extension Road",,,₹5.5 Crores Onwards,55000000,,,,18676,2945,3660,"3.5 BHK (Type A, 3 BHK + Utility); 3.5 BHK (Type A1, 3 BHK + Study + Utility); 4.5 BHK (Type B, 4 BHK + Study + Utility); 4.5 BHK (Type B1, 4 BHK + Study + Utility)",,10.7,6,,956,8,10,3,4,1,https://www.realtycanvas.in/projects/smartworld-the-edition-sector-68-gurgaon,2026-10-02T06:43:30.646Z
smartworld-the-trump-residences-sector-69-gurgaon,Smartworld The Trump Residences,Smartworld Developers,residential,under-construction,GGM/925/657/2025/28,,,69,southern-peripheral-road,Gurugram,SPR Road,,,₹7.99 Crores Onwards,79900000,,,,25849,3091,4936,3 Bed Residences; 4 Bed Residences,,11.66,2,,298,9,11,4,2,1,https://www.realtycanvas.in/projects/smartworld-the-trump-residences-sector-69-gurgaon,2026-10-02T06:43:31.718Z
sobha-aranya-sector-80-gurgaon,Sobha Aranya,Sobha Limited,residential,under-construction,RC/REP/HARERA/GGM/808/540/2024/35,,2028-12,80,new-gurgaon,Gurugram,Karma Lakelands,,,₹7.1 Crore Onwards,71000000,,,,25035,2836,4285,3 BHK + SQ; 4 BHK + SQ,,31.28,5,,524,1,11,12,3,1,https://www.realtycanvas.in/projects/sobha-aranya-sector-80-gurgaon,2026-10-02T06:43:32.676Z
sobha-sector-63a-gurgaon,Sobha Crescent,Sobha Limited,residential,under-construction,RC/REP/HARERA/GGM/1054/786/2026/26,,2033-03,63A,golf-course-extension-road,Gurugram,"Sector 63A, Golf Course Extension Road, Gurugram, Haryana",,,Starting from INR 5.86 Cr.*,58600000,77500000,,,,,,,,11.99,2,42,336,23,5,0,4,0,https://www.realtycanvas.in/projects/sobha-sector-63a-gurgaon,2026-10-02T06:43:33.689Z
spj-vedatam-sector-14-gurgaon,SPJ Vedatam,SPJ Group,commercial,under-construction,RC/REP/HARERA/GGM/927/659/2025/30,,,14,central-gurgaon,Gurugram,"Sector 14, Gurugram",28.4595,77.0266,50 Lakhs Onwards,5000000,55000000,,,8224,608,918,Sixth Floor; First Floor; Lower Ground Floor,,4.15,1,5,412,13,8,8,4,1,https://www.realtycanvas.in/projects/spj-vedatam-sector-14-gurgaon,2026-10-02T06:43:34.717Z
tarc-ishva-sector-63a-gurgaon,TARC Ishva,TARC,residential,under-construction,GGM/865/597/2024/92,,,63A,golf-course-extension-road,Gurugram,Golf Course Ext. Road,,,Price Starts From ₹ 7.58 Cr* (taxes and statutory charges extra),75800000,,,,26522,2858,3883,3 BHK; 4 BHK,,7,5,,450,9,12,3,2,1,https://www.realtycanvas.in/projects/tarc-ishva-sector-63a-gurgaon,2026-10-02T06:43:35.792Z
the-oryza,The Oryza,Origen Realty,residential,under-construction,GGM/1043/775/2026/15,,2033,88A,dwarka-expressway,Gurugram,"Sector 88A, Dwarka Expressway",,,,,,,,,2197,2682,3 BHK Type 2; 3 BHK Type 1; 3 BHK Type 3,,8.26,2,45,344,14,5,3,11,0,https://www.realtycanvas.in/projects/the-oryza,2026-10-02T06:43:36.924Z
trevoc-royal-residences-gurgaon,Trevoc Royal Residences,Trevoc Group,residential,under-construction,RC/REP/HARERA/GGM/863/595/2024/90,,2030-02,56,golf-course-road,Gurugram,"Sector 56, Golf Course Road",,,₹6.89 Crore Onwards,68900000,,,,26079,2642,3380,3 BHK; 4 BHK,,2.06,2,27,172,13,10,5,4,1,https://www.realtycanvas.in/projects/trevoc-royal-residences-gurgaon,2026-10-02T06:43:37.841Z
whiteland-westin-residences-sector-103-gurgaon,Whiteland Westin Residences,Whiteland Corporation,residential,under-construction,RC/REP/HARERA/GGM/838/570/2024/65,,,103,dwarka-expressway,Gurugram,"Sector 103, Dwarka Expressway",,,₹6.25 Crores Onwards,62500000,,,,23382,2673,4329,3 BHK+SQ; 4 BHK+SQ,,19.23,12,,1302,9,11,5,3,1,https://www.realtycanvas.in/projects/whiteland-westin-residences-sector-103-gurgaon,2026-10-02T06:43:38.879Z
yugen-golf-city,Yugen Golf City,Yugen Infra,township,new-launch,PP1310002501906,,,,,"Banda (Goa–Maharashtra border, near Mopa)","Banda, on NH-66 near the Goa border — next to Manohar International Airport (Mopa)",,,"₹99.9 Lakhs onwards (Garden of Eden plots, 200 sq yd)",9990000,,11490,,,1800,27000,Garden of Eden — villa plot; Golf Drive — farmhouse plot; Acqua Front Villa; Studio; 1 BHK; 2 BHK; Cricket Front Villa,,,,,,30,6,3,10,0,developer-material:yugen-golf-city,2026-10-02T00:00:00.000Z
yugen-greens-goa-golf-township,Yugen Greens,Yugen Infra,residential,under-construction,RERA/GOA/PNM/2025/001,,,,,,"Yugen Greens, North Goa",,,₹3.5 Crore Onwards,35000000,,,,11111,3150,6300,3 BHK; 4 BHK; 5 BHK,,2.5,1,,4,4,9,1,3,0,https://www.realtycanvas.in/projects/yugen-greens-goa-golf-township,2026-10-02T06:43:39.735Z